TANF13%,TANF12%,MUNICIPALITY,numbered,2012 TANF RECIPIENTS,2013 TANF RECIPIENTS,SortID
4.2780620210900532e-02,4.5623053333653608e-02,"HARTFORD",6.5000000000000000e+01,5.6980000000000000e+03,5.3430000000000000e+03,1
3.6785914453269175e-02,3.6977294164285815e-02,"NEW BRITAIN",9.0000000000000000e+01,2.7050000000000000e+03,2.6910000000000000e+03,2
3.3207478506118361e-02,3.3780648683073282e-02,"WATERBURY",1.5200000000000000e+02,3.7130000000000000e+03,3.6500000000000000e+03,3
3.3203050305565966e-02,3.2254610259979652e-02,"NEW HAVEN",9.4000000000000000e+01,4.2170000000000000e+03,4.3410000000000000e+03,4
2.7579610218803556e-02,2.8296998923916943e-02,"WINDHAM",1.6400000000000000e+02,7.1000000000000000e+02,6.9200000000000000e+02,5
2.4939545963114016e-02,2.4903454000794023e-02,"NEW LONDON",9.5000000000000000e+01,6.9000000000000000e+02,6.9100000000000000e+02,6
2.3302031756872118e-02,2.6703090319276080e-02,"BRIDGEPORT",1.5000000000000000e+01,3.9100000000000000e+03,3.4120000000000000e+03,7
2.1949932385632771e-02,2.2461162967116331e-02,"MERIDEN",8.1000000000000000e+01,1.3620000000000000e+03,1.3310000000000000e+03,8
2.0887857389758530e-02,2.1184139054861488e-02,"NORWICH",1.0500000000000000e+02,8.5800000000000000e+02,8.4600000000000000e+02,9
1.8333593384303324e-02,1.9113746294273679e-02,"EAST HARTFORD",4.2000000000000000e+01,9.8000000000000000e+02,9.4000000000000000e+02,10
1.4876291888506107e-02,1.5085081950099175e-02,"ANSONIA",2.0000000000000000e+00,2.8900000000000000e+02,2.8500000000000000e+02,11
1.4725568942436412e-02,1.1378848728246318e-02,"SPRAGUE",1.3400000000000000e+02,3.4000000000000000e+01,4.4000000000000000e+01,12
1.4537234130323581e-02,1.3712192465719518e-02,"BRISTOL",1.7000000000000000e+01,8.3100000000000000e+02,8.8100000000000000e+02,13
1.3486460857654620e-02,1.2432831103150353e-02,"PUTNAM",1.1700000000000000e+02,1.1800000000000000e+02,1.2800000000000000e+02,14
1.2959353115298534e-02,1.1876398815969967e-02,"WEST HAVEN",1.5600000000000000e+02,6.5800000000000000e+02,7.1800000000000000e+02,15
1.1680293675955281e-02,9.8448189554480228e-03,"GRISWOLD",5.8000000000000000e+01,1.1800000000000000e+02,1.4000000000000000e+02,16
1.1067809820732659e-02,1.1769290724863601e-02,"DERBY",3.7000000000000000e+01,1.5100000000000000e+02,1.4200000000000000e+02,17
1.1004126547455296e-02,1.2510643872404532e-02,"PLAINFIELD",1.1000000000000000e+02,1.9100000000000000e+02,1.6800000000000000e+02,18
1.0911149616565733e-02,1.1254267529036353e-02,"MANCHESTER",7.8000000000000000e+01,6.5600000000000000e+02,6.3600000000000000e+02,19
1.0654930800857026e-02,1.1060281429150502e-02,"KILLINGLY",7.0000000000000000e+01,1.9100000000000000e+02,1.8400000000000000e+02,20
9.5932382461701004e-03,9.1283676703645001e-03,"MIDDLETOWN",8.4000000000000000e+01,4.3200000000000000e+02,4.5400000000000000e+02,21
9.3056795549756200e-03,9.3743561568573591e-03,"VERNON",1.4700000000000000e+02,2.7300000000000000e+02,2.7100000000000000e+02,22
8.5428599165129591e-03,8.5913988933113295e-03,"BLOOMFIELD",1.1000000000000000e+01,1.7700000000000000e+02,1.7600000000000000e+02,23
8.4115567475313915e-03,7.4363037912958674e-03,"BROOKLYN",1.9000000000000000e+01,6.1000000000000000e+01,6.9000000000000000e+01,24
8.2663092046470054e-03,9.8022788203753347e-03,"TORRINGTON",1.4400000000000000e+02,3.5100000000000000e+02,2.9600000000000000e+02,25
8.1827909611632155e-03,7.4904009567570966e-03,"NAUGATUCK",8.9000000000000000e+01,2.3800000000000000e+02,2.6000000000000000e+02,26
7.7423775265501888e-03,7.8108941418293934e-03,"EAST HAVEN",4.3000000000000000e+01,2.2800000000000000e+02,2.2600000000000000e+02,27
7.6401097546949705e-03,7.4758063191101322e-03,"HAMDEN",6.3000000000000000e+01,4.5500000000000000e+02,4.6500000000000000e+02,28
7.4970644024929993e-03,9.2132598681239266e-03,"WINCHESTER",1.6300000000000000e+02,1.0200000000000000e+02,8.3000000000000000e+01,29
7.4127211860353899e-03,6.1374143153196236e-03,"WINDSOR LOCKS",1.6600000000000000e+02,7.7000000000000000e+01,9.3000000000000000e+01,30
7.3942249849608980e-03,7.3440946460798075e-03,"GROTON",5.9000000000000000e+01,2.9300000000000000e+02,2.9500000000000000e+02,31
7.3703606212161092e-03,5.2645433008686494e-03,"STERLING",1.3700000000000000e+02,2.0000000000000000e+01,2.8000000000000000e+01,32
6.7214339058999251e-03,4.6943347914221696e-03,"THOMPSON",1.4200000000000000e+02,4.4000000000000000e+01,6.3000000000000000e+01,33
6.2985077012844802e-03,6.6342149645509116e-03,"STAMFORD",1.3600000000000000e+02,8.3000000000000000e+02,7.8800000000000000e+02,34
6.1242344706911632e-03,6.9991251093613300e-03,"CHAPLIN",2.4000000000000000e+01,1.6000000000000000e+01,1.4000000000000000e+01,35
6.0741249142072752e-03,6.2800274536719287e-03,"WINDSOR",1.6500000000000000e+02,1.8300000000000000e+02,1.7700000000000000e+02,36
6.0690943043884222e-03,4.9019607843137254e-03,"ASHFORD",3.0000000000000000e+00,2.1000000000000000e+01,2.6000000000000000e+01,37
5.9701492537313433e-03,4.3628013777267513e-03,"LISBON",7.4000000000000000e+01,1.9000000000000000e+01,2.6000000000000000e+01,38
5.9143191812124352e-03,6.6440079113620218e-03,"STRATFORD",1.3900000000000000e+02,3.4600000000000000e+02,3.0800000000000000e+02,39
5.7903879559930514e-03,5.0459095045082307e-03,"PLYMOUTH",1.1200000000000000e+02,6.1000000000000000e+01,7.0000000000000000e+01,40
5.7803468208092483e-03,5.4997474605757895e-03,"PLAINVILLE",1.1100000000000000e+02,9.8000000000000000e+01,1.0300000000000000e+02,41
5.6874160322436182e-03,5.6874160322436182e-03,"ENFIELD",4.9000000000000000e+01,2.5400000000000000e+02,2.5400000000000000e+02,42
5.6728122132309999e-03,5.3391173771585882e-03,"STAFFORD",1.3500000000000000e+02,6.4000000000000000e+01,6.8000000000000000e+01,43
5.2631578947368420e-03,2.3391812865497076e-03,"SCOTLAND",1.2400000000000000e+02,4.0000000000000000e+00,9.0000000000000000e+00,44
5.2531790790633645e-03,6.1105945149564651e-03,"DANBURY",3.4000000000000000e+01,5.0600000000000000e+02,4.3500000000000000e+02,45
5.1735287777538259e-03,4.3112739814615223e-03,"STONINGTON",1.3800000000000000e+02,8.0000000000000000e+01,9.6000000000000000e+01,46
4.9789352738414403e-03,6.8939103791650705e-03,"VOLUNTOWN",1.4800000000000000e+02,1.8000000000000000e+01,1.3000000000000000e+01,47
4.9261083743842365e-03,8.2101806239737278e-03,"CANAAN",2.1000000000000000e+01,1.0000000000000000e+01,6.0000000000000000e+00,48
4.6909049202890239e-03,5.8837022594334211e-03,"NORWALK",1.0400000000000000e+02,5.1300000000000000e+02,4.0900000000000000e+02,49
4.5045045045045045e-03,4.3680043680043683e-03,"LEBANON",7.2000000000000000e+01,3.2000000000000000e+01,3.3000000000000000e+01,50
4.4438548782914375e-03,4.1785501094382168e-03,"LEDYARD",7.3000000000000000e+01,6.3000000000000000e+01,6.7000000000000000e+01,51
4.4193843340444988e-03,4.0638016864776999e-03,"MONTVILLE",8.7000000000000000e+01,8.0000000000000000e+01,8.7000000000000000e+01,52
4.1275138315623079e-03,5.1813471502590676e-03,"EAST WINDSOR",4.5000000000000000e+01,5.9000000000000000e+01,4.7000000000000000e+01,53
4.1220115416323163e-03,3.9571310799670243e-03,"BEACON FALLS",6.0000000000000000e+00,2.4000000000000000e+01,2.5000000000000000e+01,54
4.0456494173057179e-03,5.3136887869090028e-03,"SEYMOUR",1.2500000000000000e+02,8.8000000000000000e+01,6.7000000000000000e+01,55
3.9081802255064909e-03,3.6386505547819055e-03,"WATERTOWN",1.5400000000000000e+02,8.1000000000000000e+01,8.7000000000000000e+01,56
3.9062500000000000e-03,3.4839527027027027e-03,"PORTLAND",1.1400000000000000e+02,3.3000000000000000e+01,3.7000000000000000e+01,57
3.8371705038371703e-03,4.1708375041708372e-03,"WILLINGTON",1.6100000000000000e+02,2.5000000000000000e+01,2.3000000000000000e+01,58
3.8200339558573855e-03,2.9711375212224107e-03,"MORRIS",8.8000000000000000e+01,7.0000000000000000e+00,9.0000000000000000e+00,59
3.7907505686125853e-03,5.6861258529188781e-03,"BOZRAH",1.3000000000000000e+01,1.5000000000000000e+01,1.0000000000000000e+01,60
3.7870818430464971e-03,3.7870818430464971e-03,"PRESTON",1.1500000000000000e+02,1.8000000000000000e+01,1.8000000000000000e+01,61
3.7453183520599251e-03,1.6051364365971107e-03,"HAMPTON",6.4000000000000000e+01,3.0000000000000000e+00,7.0000000000000000e+00,62
3.5816618911174787e-03,4.5367717287488063e-03,"SALEM",1.2200000000000000e+02,1.9000000000000000e+01,1.5000000000000000e+01,63
3.4970025692263773e-03,3.9965743648301454e-03,"BRANFORD",1.4000000000000000e+01,1.1200000000000000e+02,9.8000000000000000e+01,64
3.4769415557733036e-03,3.9194613901444514e-03,"WEST HARTFORD",1.5500000000000000e+02,2.4800000000000000e+02,2.2000000000000000e+02,65
3.2693281760832527e-03,3.2923516139429939e-03,"SOUTHINGTON",1.3300000000000000e+02,1.4300000000000000e+02,1.4200000000000000e+02,66
3.2537691562554332e-03,3.3531208862174313e-03,"SHELTON",1.2700000000000000e+02,1.3500000000000000e+02,1.3100000000000000e+02,67
3.2193158953722333e-03,3.1388329979879274e-03,"COVENTRY",3.2000000000000000e+01,3.9000000000000000e+01,4.0000000000000000e+01,68
3.1991098129216218e-03,3.4772932749148064e-03,"NORTH BRANFORD",1.0000000000000000e+02,5.0000000000000000e+01,4.6000000000000000e+01,69
3.1898227666521959e-03,3.4540684396293011e-03,"MILFORD",8.5000000000000000e+01,1.8300000000000000e+02,1.6900000000000000e+02,70
3.1651873658115498e-03,3.3865291396445252e-03,"WALLINGFORD",1.4900000000000000e+02,1.5300000000000000e+02,1.4300000000000000e+02,71
3.0562347188264061e-03,3.3618581907090463e-03,"ANDOVER",1.0000000000000000e+00,1.1000000000000000e+01,1.0000000000000000e+01,72
2.9897153790959100e-03,2.5711552260224827e-03,"WOLCOTT",1.6700000000000000e+02,4.3000000000000000e+01,5.0000000000000000e+01,73
2.9532614278376989e-03,3.3384694401643552e-03,"THOMASTON",1.4100000000000000e+02,2.6000000000000000e+01,2.3000000000000000e+01,74
2.9459313813544100e-03,3.3770432908209087e-03,"NEW MILFORD",9.6000000000000000e+01,9.4000000000000000e+01,8.2000000000000000e+01,75
2.9122679286494356e-03,2.1842009464870769e-03,"SHARON",1.2600000000000000e+02,6.0000000000000000e+00,8.0000000000000000e+00,76
2.8796605031827828e-03,2.9554410427402242e-03,"CLINTON",2.7000000000000000e+01,3.9000000000000000e+01,3.8000000000000000e+01,77
2.8157477090052733e-03,2.8669431218962781e-03,"WATERFORD",1.5300000000000000e+02,5.6000000000000000e+01,5.5000000000000000e+01,78
2.7182306789398899e-03,3.0888984987953298e-03,"COLCHESTER",2.8000000000000000e+01,5.0000000000000000e+01,4.4000000000000000e+01,79
2.6728564394738691e-03,3.3762397130196243e-03,"CROMWELL",3.3000000000000000e+01,4.8000000000000000e+01,3.8000000000000000e+01,80
2.6617656378731223e-03,3.1687686165156222e-03,"ELLINGTON",4.8000000000000000e+01,5.0000000000000000e+01,4.2000000000000000e+01,81
2.6209677419354841e-03,2.6209677419354841e-03,"BOLTON",1.2000000000000000e+01,1.3000000000000000e+01,1.3000000000000000e+01,82
2.5460242851547197e-03,3.5252643948296123e-03,"CANTERBURY",2.2000000000000000e+01,1.8000000000000000e+01,1.3000000000000000e+01,83
2.5381766737402737e-03,1.9972537760579202e-03,"NORTH HAVEN",1.0200000000000000e+02,4.8000000000000000e+01,6.1000000000000000e+01,84
2.5113008538422904e-03,2.5113008538422904e-03,"FRANKLIN",5.3000000000000000e+01,5.0000000000000000e+00,5.0000000000000000e+00,85
2.5050884609362769e-03,2.2441417462554145e-03,"BETHEL",9.0000000000000000e+00,4.3000000000000000e+01,4.8000000000000000e+01,86
2.4729520865533232e-03,3.0139103554868625e-03,"EAST HAMPTON",4.1000000000000000e+01,3.9000000000000000e+01,3.2000000000000000e+01,87
2.4335454885810559e-03,2.4335454885810559e-03,"WETHERSFIELD",1.6000000000000000e+02,6.5000000000000000e+01,6.5000000000000000e+01,88
2.3897458179448186e-03,2.1724961981316532e-04,"DEEP RIVER",3.6000000000000000e+01,1.0000000000000000e+00,1.1000000000000000e+01,89
2.2968284220300055e-03,1.5637980745736206e-03,"BERLIN",7.0000000000000000e+00,3.2000000000000000e+01,4.7000000000000000e+01,90
2.1342186388427793e-03,2.3713540431586438e-03,"POMFRET",1.1300000000000000e+02,1.0000000000000000e+01,9.0000000000000000e+00,91
2.1219135802469135e-03,1.7361111111111110e-03,"EAST GRANBY",3.9000000000000000e+01,9.0000000000000000e+00,1.1000000000000000e+01,92
2.0325203252032522e-03,2.7100271002710027e-03,"GOSHEN",5.5000000000000000e+01,8.0000000000000000e+00,6.0000000000000000e+00,93
1.9275250578257518e-03,1.9275250578257518e-03,"GREENWICH",5.7000000000000000e+01,1.2000000000000000e+02,1.2000000000000000e+02,94
1.9212295869356388e-03,7.8595755829185220e-04,"SOMERS",1.3000000000000000e+02,9.0000000000000000e+00,2.2000000000000000e+01,95
1.8857250612860645e-03,7.5429002451442577e-04,"NORTH STONINGTON",1.0300000000000000e+02,4.0000000000000000e+00,1.0000000000000000e+01,96
1.8668326073428749e-03,2.2816842978635138e-03,"PROSPECT",1.1600000000000000e+02,2.2000000000000000e+01,1.8000000000000000e+01,97
1.8440463645943098e-03,1.0537407797681770e-03,"OLD LYME",1.0600000000000000e+02,8.0000000000000000e+00,1.4000000000000000e+01,98
1.6992353440951572e-03,2.3527873995163717e-03,"NEWINGTON",9.7000000000000000e+01,7.2000000000000000e+01,5.2000000000000000e+01,99
1.6644087478227211e-03,1.5869943874588736e-03,"SOUTH WINDSOR",1.3100000000000000e+02,4.1000000000000000e+01,4.3000000000000000e+01,100
1.6409062036840990e-03,1.9055684946008892e-03,"EAST LYME",4.4000000000000000e+01,3.6000000000000000e+01,3.1000000000000000e+01,101
1.6071428571428571e-03,1.4285714285714286e-03,"HARWINTON",6.7000000000000000e+01,8.0000000000000000e+00,9.0000000000000000e+00,102
1.5563270681192387e-03,1.9154794684544474e-03,"LITCHFIELD",7.5000000000000000e+01,1.6000000000000000e+01,1.3000000000000000e+01,103
1.5231519090170593e-03,2.0308692120227455e-03,"WOODBURY",1.6900000000000000e+02,2.0000000000000000e+01,1.5000000000000000e+01,104
1.5182186234817814e-03,1.2651821862348178e-03,"WOODSTOCK",1.7000000000000000e+02,1.0000000000000000e+01,1.2000000000000000e+01,105
1.4885032707900819e-03,1.6451878256100905e-03,"FARMINGTON",5.2000000000000000e+01,4.2000000000000000e+01,3.8000000000000000e+01,106
1.4701951349906442e-03,1.4033680834001604e-03,"TOLLAND",1.4300000000000000e+02,2.1000000000000000e+01,2.2000000000000000e+01,107
1.4699173805058543e-03,1.6219777991788738e-03,"ROCKY HILL",1.2000000000000000e+02,3.2000000000000000e+01,2.9000000000000000e+01,108
1.4649331624244644e-03,1.6480498077275224e-03,"COLUMBIA",3.0000000000000000e+01,9.0000000000000000e+00,8.0000000000000000e+00,109
1.4486455164421266e-03,8.6918730986527601e-04,"NEW HARTFORD",9.3000000000000000e+01,6.0000000000000000e+00,1.0000000000000000e+01,110
1.3990362194932380e-03,1.8653816259909840e-03,"MARLBOROUGH",8.0000000000000000e+01,1.2000000000000000e+01,9.0000000000000000e+00,111
1.3907709863775766e-03,1.6047357535125882e-03,"NEWTOWN",9.8000000000000000e+01,4.5000000000000000e+01,3.9000000000000000e+01,112
1.3864381144441643e-03,1.3234182001512478e-03,"SUFFIELD",1.4000000000000000e+02,2.1000000000000000e+01,2.2000000000000000e+01,113
1.3837432486720528e-03,1.6515645226085791e-03,"GUILFORD",6.1000000000000000e+01,3.7000000000000000e+01,3.1000000000000000e+01,114
1.3586956521739130e-03,2.2644927536231884e-04,"MIDDLEFIELD",8.3000000000000000e+01,1.0000000000000000e+00,6.0000000000000000e+00,115
1.3385387618516454e-03,1.5616285554935863e-03,"WOODBRIDGE",1.6800000000000000e+02,1.4000000000000000e+01,1.2000000000000000e+01,116
1.3161043311797080e-03,9.5716678631251495e-04,"HADDAM",6.2000000000000000e+01,8.0000000000000000e+00,1.1000000000000000e+01,117
1.3017066820943013e-03,1.3017066820943013e-03,"WESTBROOK",1.5700000000000000e+02,9.0000000000000000e+00,9.0000000000000000e+00,118
1.2697792537605002e-03,1.3674545809728462e-03,"OLD SAYBROOK",1.0700000000000000e+02,1.4000000000000000e+01,1.3000000000000000e+01,119
1.2630089926240274e-03,1.4145700717389108e-03,"MONROE",8.6000000000000000e+01,2.8000000000000000e+01,2.5000000000000000e+01,120
1.2512661621879282e-03,2.1450277066078771e-03,"BROOKFIELD",1.8000000000000000e+01,3.6000000000000000e+01,2.1000000000000000e+01,121
1.2476606363069245e-03,1.5205864004990642e-03,"MANSFIELD",7.9000000000000000e+01,3.9000000000000000e+01,3.2000000000000000e+01,122
1.2273703590058300e-03,1.2273703590058300e-03,"NORTH CANAAN",1.0100000000000000e+02,4.0000000000000000e+00,4.0000000000000000e+00,123
1.1701380762930026e-03,8.5810125594820187e-04,"OXFORD",1.0900000000000000e+02,1.1000000000000000e+01,1.5000000000000000e+01,124
1.1593082793932953e-03,1.2559173026760700e-03,"CANTON",2.3000000000000000e+01,1.3000000000000000e+01,1.2000000000000000e+01,125
1.1488158359844469e-03,7.9533404029692473e-04,"GRANBY",5.6000000000000000e+01,9.0000000000000000e+00,1.3000000000000000e+01,126
1.1337868480725624e-03,1.7715419501133788e-03,"NEW FAIRFIELD",9.2000000000000000e+01,2.5000000000000000e+01,1.6000000000000000e+01,127
1.0954702305964836e-03,1.4241112997754287e-03,"TRUMBULL",1.4500000000000000e+02,5.2000000000000000e+01,4.0000000000000000e+01,128
1.0641127959563714e-03,1.0641127959563714e-03,"BARKHAMSTED",5.0000000000000000e+00,4.0000000000000000e+00,4.0000000000000000e+00,129
1.0599957600169599e-03,6.3599745601017593e-04,"BURLINGTON",2.0000000000000000e+01,6.0000000000000000e+00,1.0000000000000000e+01,130
1.0087036716813649e-03,9.5106346187100123e-04,"GLASTONBURY",5.4000000000000000e+01,3.3000000000000000e+01,3.5000000000000000e+01,131
1.0061880565477687e-03,9.5587865372038030e-04,"SOUTHBURY",1.3200000000000000e+02,1.9000000000000000e+01,2.0000000000000000e+01,132
9.8274732474339381e-04,9.8274732474339381e-04,"EAST HADDAM",4.0000000000000000e+01,9.0000000000000000e+00,9.0000000000000000e+00,133
9.7601323407775021e-04,9.4292803970223325e-04,"FAIRFIELD",5.1000000000000000e+01,5.7000000000000000e+01,5.9000000000000000e+01,134
9.2445853143159010e-04,1.3206550449022716e-03,"MIDDLEBURY",8.2000000000000000e+01,1.0000000000000000e+01,7.0000000000000000e+00,135
9.2150170648464165e-04,8.5324232081911264e-04,"CHESHIRE",2.5000000000000000e+01,2.5000000000000000e+01,2.7000000000000000e+01,136
9.0252707581227440e-04,1.6546329723225030e-03,"ESSEX",5.0000000000000000e+01,1.1000000000000000e+01,6.0000000000000000e+00,137
8.8907705334462315e-04,1.3124470787468248e-03,"SIMSBURY",1.2900000000000000e+02,3.1000000000000000e+01,2.1000000000000000e+01,138
8.6114101184068897e-04,5.7409400789379264e-04,"ORANGE",1.0800000000000000e+02,8.0000000000000000e+00,1.2000000000000000e+01,139
8.4889643463497452e-04,1.1318619128466328e-03,"WASHINGTON",1.5100000000000000e+02,4.0000000000000000e+00,3.0000000000000000e+00,140
7.6540375047837736e-04,4.9204526816467112e-04,"MADISON",7.7000000000000000e+01,9.0000000000000000e+00,1.4000000000000000e+01,141
7.2734829592684960e-04,8.3125519534497092e-04,"HEBRON",6.8000000000000000e+01,8.0000000000000000e+00,7.0000000000000000e+00,142
7.2072072072072073e-04,2.3423423423423423e-03,"BETHANY",8.0000000000000000e+00,1.3000000000000000e+01,4.0000000000000000e+00,143
7.1104304545205929e-04,7.6573866433298692e-04,"AVON",4.0000000000000000e+00,1.4000000000000000e+01,1.3000000000000000e+01,144
7.1042909917590224e-04,4.7361939945060150e-04,"DARIEN",3.5000000000000000e+01,1.0000000000000000e+01,1.5000000000000000e+01,145
7.0671378091872788e-04,1.4134275618374558e-03,"CHESTER",2.6000000000000000e+01,6.0000000000000000e+00,3.0000000000000000e+00,146
7.0193586522831390e-04,7.3887985813506725e-04,"WESTPORT",1.5900000000000000e+02,2.0000000000000000e+01,1.9000000000000000e+01,147
6.1500615006150063e-04,9.2250922509225090e-04,"KILLINGWORTH",7.1000000000000000e+01,6.0000000000000000e+00,4.0000000000000000e+00,148
5.4039448797622261e-04,5.4039448797622261e-04,"SALISBURY",1.2300000000000000e+02,2.0000000000000000e+00,2.0000000000000000e+00,149
4.8309178743961351e-04,5.7971014492753622e-04,"WESTON",1.5800000000000000e+02,6.0000000000000000e+00,5.0000000000000000e+00,150
4.6904315196998124e-04,1.4071294559099437e-03,"HARTLAND",6.6000000000000000e+01,3.0000000000000000e+00,1.0000000000000000e+00,151
4.0716612377850165e-04,2.7144408251900110e-04,"DURHAM",3.8000000000000000e+01,2.0000000000000000e+00,3.0000000000000000e+00,152
3.4808552958727002e-04,4.9726504226752855e-04,"NEW CANAAN",9.1000000000000000e+01,1.0000000000000000e+01,7.0000000000000000e+00,153
3.3886818027787193e-04,2.0332090816672314e-03,"KENT",6.9000000000000000e+01,6.0000000000000000e+00,1.0000000000000000e+00,154
3.2228608261266586e-04,3.2228608261266586e-04,"WILTON",1.6200000000000000e+02,6.0000000000000000e+00,6.0000000000000000e+00,155
2.8042624789680314e-04,2.8042624789680314e-04,"BETHLEHEM",1.0000000000000000e+01,1.0000000000000000e+00,1.0000000000000000e+00,156
2.7412280701754384e-04,2.7412280701754384e-04,"SHERMAN",1.2800000000000000e+02,1.0000000000000000e+00,1.0000000000000000e+00,157
2.1507688998817078e-04,4.3015377997634156e-04,"REDDING",1.1800000000000000e+02,4.0000000000000000e+00,2.0000000000000000e+00,158
1.3152702880441932e-04,1.3152702880441932e-04,"EASTON",4.7000000000000000e+01,1.0000000000000000e+00,1.0000000000000000e+00,159
1.1978438810141745e-04,2.7949690556997405e-04,"RIDGEFIELD",1.1900000000000000e+02,7.0000000000000000e+00,3.0000000000000000e+00,160
0.0000000000000000e+00,0.0000000000000000e+00,"BRIDGEWATER",1.6000000000000000e+01,0.0000000000000000e+00,0.0000000000000000e+00,161
0.0000000000000000e+00,0.0000000000000000e+00,"COLEBROOK",2.9000000000000000e+01,0.0000000000000000e+00,0.0000000000000000e+00,162
0.0000000000000000e+00,0.0000000000000000e+00,"CORNWALL",3.1000000000000000e+01,0.0000000000000000e+00,0.0000000000000000e+00,163
0.0000000000000000e+00,5.7803468208092489e-04,"EASTFORD",4.6000000000000000e+01,1.0000000000000000e+00,0.0000000000000000e+00,164
0.0000000000000000e+00,1.2484394506866417e-03,"LYME",7.6000000000000000e+01,3.0000000000000000e+00,0.0000000000000000e+00,165
0.0000000000000000e+00,3.5608308605341245e-03,"NORFOLK",9.9000000000000000e+01,6.0000000000000000e+00,0.0000000000000000e+00,166
0.0000000000000000e+00,0.0000000000000000e+00,"ROXBURY",1.2100000000000000e+02,0.0000000000000000e+00,0.0000000000000000e+00,167
0.0000000000000000e+00,1.1737089201877935e-03,"UNION",1.4600000000000000e+02,1.0000000000000000e+00,0.0000000000000000e+00,168
0.0000000000000000e+00,2.7643400138217000e-03,"WARREN",1.5000000000000000e+02,4.0000000000000000e+00,0.0000000000000000e+00,169
